id,active,acquired,cost,type,weight,newtag,tag,tagdam,breed,description,purchased,sireId,damId,dateUpdated
1,Yes,06/06/11 00:00:00,0,Cow,0,O53H,Y60,,Highland cross,,0,,,
2,Yes,06/06/11 00:00:00,0,Cow,0,P43,Y64,,Dun,,0,,,
3,Yes,06/06/11 00:00:00,0,Cow,0,P45,Y72,,Dun,,0,,,
4,Yes,06/01/11 00:00:00,0,Cow,0,P83,W166,W005,DUN,,0,,,
5,Yes,05/26/11 00:00:00,0,Cow,0,P42,W162,?,DUN COW,,0,,,
6,Yes,05/04/11 00:00:00,0,Cow,0,P58,W152,Y207,DUN,,0,,,
7,Yes,10/16/10 00:00:00,0,Cow,1200,P40,W070,W034,DUN COW,,0,,,
8,Yes,08/02/10 00:00:00,0,Cow,1200,P56,W061,W013,Black,,0,,,
9,Yes,07/02/10 00:00:00,0,Cow,1200,P44,W053,R15,Red,,0,,,
10,Yes,05/23/10 00:00:00,0,Cow,1200,B9,7X Yellow,,Murray Grey-DOLLY,,0,,,
11,Yes,05/13/10 00:00:00,0,Cow,1200,P25,Y199,,Red Angus from Moll,,0,,,
12,Yes,05/13/10 00:00:00,0,Cow,1200,P32,Y207,,Red Angus from Moll,,0,,,
13,No,05/13/10 00:00:00,0,Cow,0,,Y206,,Red Angus from Moll,,0,,,
14,Yes,05/08/10 00:00:00,0,Cow,1200,B3,5X White,,Murray Grey-BEATRICE,,0,,,
15,Yes,04/26/10 00:00:00,0,Cow,1200,B14,10X,,Murray Grey -  HONEY,,0,,,
16,Yes,04/17/10 00:00:00,0,Cow,1200,P26,W128,,"Red ",,0,,,
17,Yes,04/17/10 00:00:00,0,Cow,1200,P68,W127,,"Red ",,0,,,
18,No,04/17/10 00:00:00,0,Cow,0,,W125,,"Red ",,0,,,
19,Yes,04/08/10 00:00:00,0,Cow,1200,B4,8X White,,Murray Grey-ISABELLA,,0,,,
20,Yes,03/29/10 00:00:00,0,Cow,1200,B1,7X White,,Murray Grey-ELLIE,,0,,,
21,Yes,03/22/10 00:00:00,0,Cow,1200,B10,6X White,,Murray Grey-JUNE,,0,,,
22,Yes,03/01/10 00:00:00,0,Cow,1200,P11,W143,,Red,,0,,,
23,Yes,03/01/10 00:00:00,0,Cow,1200,P23,W134,G437,Black,,0,,,
24,Yes,03/01/10 00:00:00,0,Cow,1200,P30,W148,W031,Black,,0,,,
25,Yes,03/01/10 00:00:00,0,Cow,1200,P65,W131,G427,Black,,0,,,
26,Yes,03/01/10 00:00:00,0,Cow,1200,P66,W149,G425,Champaigne,,0,,,
27,No,03/01/10 00:00:00,0,Cow,0,,W135,W029,Black,,0,,,
28,No,03/01/10 00:00:00,0,Cow,0,,W145,W012,Black,,0,,,
29,Yes,02/23/10 00:00:00,0,Cow,1200,B12,4X White,,Murray Grey-ABIGAIL,,0,,,
30,Yes,02/06/10 00:00:00,0,Cow,1200,B7,2X Yellow,,Murray Grey-LOLA,,0,,,
31,Yes,02/01/10 00:00:00,0,Cow,1200,B5,3X Yellow,,Murray Grey -EMMA,,0,,,
32,Yes,01/11/10 00:00:00,0,Cow,1200,P18,W074,21,"Red Angus ",,0,,,
33,Yes,12/30/09 00:00:00,0,Cow,1200,P15,R14,,Charolais,,0,,,
34,Yes,12/30/09 00:00:00,0,Cow,1200,P20,R16,,Red Angus Cross,,0,,,
35,Yes,12/30/09 00:00:00,0,Cow,1200,P22,R24,,Red Angus Cross,,0,,,
36,Yes,12/30/09 00:00:00,0,Cow,1200,P24,R12,,Red Angus Cross,,0,,,
37,Yes,12/30/09 00:00:00,0,Cow,1200,P71,R11,,"Grey ",,0,,,
38,Yes,12/30/09 00:00:00,0,Cow,1200,P72,R21,,Red Angus Cross,,0,,,
39,No,12/30/09 00:00:00,0,Cow,0,,R20,,Red Angus Cross,,0,,,
40,No,12/30/09 00:00:00,0,Cow,0,,R02,,"Grey ",,0,,,
41,Yes,12/23/09 00:00:00,0,Cow,1200,B6,40W,,Murray Grey-JBELLS,,0,,,
42,Yes,12/14/09 00:00:00,0,Cow,1200,P10,W013,,Brown,,0,,,
43,Yes,12/14/09 00:00:00,0,Cow,1200,P12,W033,,Charolais,,0,,,
44,Yes,12/14/09 00:00:00,0,Cow,1200,P16,W012,,Red,,0,,,
45,Yes,12/14/09 00:00:00,0,Cow,1200,P17,W018,,Black,,0,,,
46,Yes,12/14/09 00:00:00,0,Cow,1200,P21,W124,,Red,,0,,,
47,Yes,12/14/09 00:00:00,0,Cow,1200,P31,W019,,Black,,0,,,
48,Yes,12/14/09 00:00:00,0,Cow,1200,P34,W021,,Black,,0,,,
49,Yes,12/14/09 00:00:00,0,Cow,1200,P35,W016,,Black with a little white,,0,,,
50,Yes,12/14/09 00:00:00,0,Cow,1200,P39,W046,,Red,,0,,,
51,Yes,12/14/09 00:00:00,0,Cow,1200,P59,W001,,Black,,0,,,
52,Yes,12/14/09 00:00:00,0,Cow,1200,P6,W007,,Red,,0,,,
53,Yes,12/14/09 00:00:00,0,Cow,1200,P67,W034,,Red,,0,,,
54,Yes,12/14/09 00:00:00,0,Cow,1200,P7,W031,,Red with white spot on back,,0,,,
55,Yes,12/14/09 00:00:00,0,Cow,1200,P74,W008,,Black,,0,,,
56,Yes,12/14/09 00:00:00,0,Cow,1200,P75,W009,,Black,,0,,,
57,Yes,12/14/09 00:00:00,0,Cow,1200,P76,W038,,Charolais,,0,,,
58,Yes,12/14/09 00:00:00,0,Cow,1200,P77,W025,,Hereford,,0,,,
59,Yes,12/14/09 00:00:00,0,Cow,1200,P79,W015,,Black with a little white,,0,,,
60,Yes,12/14/09 00:00:00,0,Cow,1200,P8,W010,,Charolais,,0,,,
61,Yes,12/14/09 00:00:00,0,Cow,1200,P80,W003,,Black with a little white,,0,,,
62,Yes,12/14/09 00:00:00,0,Cow,1200,P82,W011,,Red with white,,0,,,
63,Yes,12/14/09 00:00:00,0,Cow,1200,P84,W023,,Hereford,,0,,,
64,Yes,12/14/09 00:00:00,0,Cow,1200,P85,W048,,Black,,0,,,
65,Yes,12/14/09 00:00:00,0,Cow,1200,P86,W022,,Black,,0,,,
66,Yes,12/14/09 00:00:00,0,Cow,1200,P87,W049,,Red,,0,,,
67,Yes,12/14/09 00:00:00,0,Cow,1200,P88,W024,,Black,,0,,,
68,Yes,12/14/09 00:00:00,0,Cow,1200,P9,W020,,Black,,0,,,
69,Yes,12/14/09 00:00:00,0,Cow,1200,P2,W122,W015,Black,,0,,,
70,Yes,12/14/09 00:00:00,0,Cow,1200,P60,W106,W019,Black,,0,,,
71,Yes,12/14/09 00:00:00,0,Cow,1200,P69,W108,,Black,,0,,,
72,No,12/14/09 00:00:00,0,Cow,0,P37,W107,,Black,,0,,,
73,No,12/14/09 00:00:00,0,Cow,0,,W102,,Black,,0,,,
74,No,12/14/09 00:00:00,0,Cow,0,,W043,,Red,,0,,,
75,No,12/14/09 00:00:00,0,Cow,0,,W047,,Black,,0,,,
76,Yes,11/21/09 00:00:00,0,Cow,1200,P14,G427,,Red Angus,,0,,,
77,Yes,11/21/09 00:00:00,0,Cow,1200,P33,G446,,Red Angus,,0,,,
78,Yes,11/21/09 00:00:00,0,Cow,1200,P36,G417,,Red Angus,,0,,,
79,Yes,11/21/09 00:00:00,0,Cow,1200,P48,G431,,Red Angus,,0,,,
80,Yes,11/21/09 00:00:00,0,Cow,1200,P52,G411,,Red Angus,,0,,,
81,Yes,11/21/09 00:00:00,0,Cow,1200,P63,G425,,Red Angus,,0,,,
82,Yes,11/21/09 00:00:00,0,Cow,1200,P70,G429,,Red Angus,,0,,,
83,Yes,11/21/09 00:00:00,0,Cow,1200,P81,G437,,Red Angus,,0,,,
84,Yes,07/02/09 00:00:00,0,Cow,1200,B2,43W,,Murray Grey-COURTNEY,,0,,,
85,Yes,06/29/09 00:00:00,0,Cow,1200,B13,45W Yellow,,Murray Grey-MARIE,,0,,,
86,Yes,04/01/09 00:00:00,0,Cow,1200,B15,2W (Blank),,Murray Grey-CARMEN,,0,,,
87,Yes,06/06/11 00:00:00,0,Steer,0,,P21,,,,0,,,
88,Yes,06/06/11 00:00:00,0,Steer,0,,P22,W31,Dun,,0,,,
89,No,06/06/11 00:00:00,0,Steer,0,,B23,W15,Charcoal with white spot on head,,0,,,
90,Yes,10/15/10 00:00:00,0,Steer,1200,P47,W069,W021,DUN,,0,,,
91,Yes,06/28/10 00:00:00,0,Steer,1200,P27,W051,W018,Black,,0,,,
92,No,03/01/10 00:00:00,0,Cow,0,P55,W130,,BLACK GENTLE,,0,,,
93,Yes,08/17/13 00:00:00,0,Bull,0,B28B,,B7,MG,,0,,,
94,Yes,08/13/13 00:00:00,0,Bull,0,W66B,,P89,DIAMONDS BABY BULL?,,0,,,
95,Yes,08/09/13 00:00:00,0,Bull,0,B27B,,B13,,,0,,,
96,Yes,07/03/13 00:00:00,0,Bull,0,B26B,,B15,,,0,,,
97,Yes,06/23/13 00:00:00,0,Bull,0,B24B,,B14,MG,,0,,,
98,Yes,06/06/13 00:00:00,0,Bull,0,B23B,,B12,MG,,0,,,
99,Yes,06/01/13 00:00:00,0,Bull,0,B21B,,B9,MG,,0,,,
100,Yes,00/00/00 00:00:00,0,Bull,0,,B8,,MG YEARLING,,0,,,
101,Yes,00/00/00 00:00:00,0,Bull,0,,B11,,MG YEARLING,,0,,,
102,Yes,06/07/12 00:00:00,0,Bull,0,,O21,Y43,MG,,0,,,
103,No,05/13/10 00:00:00,0,Cow,0,,Y198,,Red Angus from Moll,,0,,,
104,No,04/17/10 00:00:00,0,Cow,0,,W126,,"Red ",,0,,,
105,No,12/30/09 00:00:00,0,Cow,0,,R04,,Charolais,,0,,,
106,No,12/30/09 00:00:00,0,Cow,0,,R05,,Charolais,,0,,,
107,No,12/30/09 00:00:00,0,Cow,0,,R15,,Red Angus Cross,,0,,,
108,No,12/14/09 00:00:00,0,Cow,0,,W014,,Black,,0,,,
109,No,12/14/09 00:00:00,0,Cow,0,,W029,,Red,,0,,,
110,No,12/14/09 00:00:00,0,Cow,0,,W032,,Red,,0,,,
111,No,12/14/09 00:00:00,0,Cow,0,,W039,,Red with white,,0,,,
112,No,12/14/09 00:00:00,0,Cow,0,,W042,,Hereford,,0,,,
113,No,11/21/09 00:00:00,0,Cow,0,,G408,,Red Angus,,0,,,
114,Yes,09/07/13 00:00:00,0,Heifer,0,W72H,,P51,,,0,,,
115,No,08/21/13 00:00:00,0,Heifer,0,W70H,,P38,,,0,,,
116,Yes,08/20/13 00:00:00,0,Heifer,0,W68H,,,DAM-BLACK COW W/NO TAG,,0,,,
117,Yes,08/15/13 00:00:00,0,Heifer,0,W67H,,P61,,,0,,,
118,Yes,08/10/13 00:00:00,0,Heifer,0,B29H,,B2,MG,,0,,,
119,Yes,08/07/13 00:00:00,0,Heifer,0,W61H,,P86,,,0,,,
120,Yes,08/07/13 00:00:00,0,Heifer,0,W62H,,P14,,,0,,,
121,Yes,08/03/13 00:00:00,0,Heifer,0,W60H,,P49,,,0,,,
122,Yes,08/01/13 00:00:00,0,Heifer,0,W59H,,P41,,,0,,,
123,Yes,07/21/13 00:00:00,0,Heifer,0,W52H,,P5,,,0,,,
124,Yes,07/21/13 00:00:00,0,Heifer,0,W53H,,P54,,,0,,,
125,Yes,07/15/13 00:00:00,0,Heifer,0,W50H,,P34,,,0,,,
126,Yes,07/15/13 00:00:00,0,Heifer,0,W51H,,P17,,,0,,,
127,Yes,07/09/13 00:00:00,0,Heifer,0,W47H,,P48,,,0,,,
128,Yes,07/09/13 00:00:00,0,Heifer,0,W48H,,P68,,,0,,,
129,Yes,07/06/13 00:00:00,0,Heifer,0,W45H,,P29,,,0,,,
130,Yes,07/06/13 00:00:00,0,Heifer,0,W46H,,P47,,,0,,,
131,Yes,07/01/13 00:00:00,0,Heifer,0,VIM,,P22,,,0,,,
132,Yes,06/30/13 00:00:00,0,Heifer,0,W41H,,P8,,,0,,,
133,Yes,06/30/13 00:00:00,0,Heifer,0,W42H,,P7,,,0,,,
134,Yes,06/28/13 00:00:00,0,Heifer,0,W40H,,P24,,,0,,,
135,Yes,06/27/13 00:00:00,0,Heifer,0,B25H,,B6,MG,,0,,,
136,No,06/24/13 00:00:00,0,Heifer,0,W37H,,P30,,,0,,,
137,Yes,06/20/13 00:00:00,0,Heifer,0,W32H,,P9,,,0,,,
138,Yes,06/19/13 00:00:00,0,Heifer,0,W31H,,P80,,,0,,,
139,Yes,06/18/13 00:00:00,0,Heifer,0,W30H,,P85,,,0,,,
140,Yes,06/15/13 00:00:00,0,Heifer,0,W29H,,P28,,,0,,,
141,Yes,06/13/13 00:00:00,0,Heifer,0,W27H,,P73,,,0,,,
142,Yes,06/08/13 00:00:00,0,Heifer,0,W21H,,P31,,,0,,,
143,Yes,06/07/13 00:00:00,0,Heifer,0,W18H,,P15,,,0,,,
144,Yes,06/06/13 00:00:00,0,Heifer,0,W17H,,P37,,,0,,,
145,No,06/06/13 00:00:00,0,Heifer,0,W14H,,P39,,,0,,,
146,Yes,06/03/13 00:00:00,0,Heifer,0,W10H,,P59,,,0,,,
147,Yes,06/01/13 00:00:00,0,Heifer,0,W6H,,P75,,,0,,,
148,Yes,06/01/13 00:00:00,0,Heifer,0,W7H,,P1,,,0,,,
149,Yes,06/01/13 00:00:00,0,Heifer,0,B19H,,B3,MG,,0,,,
150,Yes,06/01/13 00:00:00,0,Heifer,0,W8H,,P23,,,0,,,
151,Yes,06/01/13 00:00:00,0,Heifer,0,W9H,,P45,,,0,,,
152,Yes,05/28/13 00:00:00,0,Heifer,0,W2H,,P70,,,0,,,
153,Yes,05/26/13 00:00:00,0,Heifer,0,B18H,,B10,MG,,0,,,
154,Yes,05/25/13 00:00:00,0,Heifer,0,B17H,,B5,MG,,0,,,
155,Yes,00/00/00 00:00:00,0,Heifer,0,,O50,,,,0,,,
156,Yes,00/00/00 00:00:00,0,Heifer,0,,O56,,,,0,,,
157,Yes,00/00/00 00:00:00,0,Heifer,0,,O62,,,,0,,,
158,No,00/00/00 00:00:00,0,Heifer,0,,O51,,,,0,,,
159,No,00/00/00 00:00:00,0,Heifer,0,,O52,,,,0,,,
160,Yes,07/19/12 00:00:00,0,Heifer,0,,O45,W34,,,0,,,
161,No,07/19/12 00:00:00,0,Heifer,0,,O46,W22,,,0,,,
162,No,07/17/12 00:00:00,0,Heifer,0,,O44,Y6,,,0,,,
163,Yes,07/15/12 00:00:00,0,Heifer,0,,O43,Y18,,,0,,,
164,Yes,07/10/12 00:00:00,0,Heifer,0,,O41,W127,,,0,,,
165,Yes,07/10/12 00:00:00,0,Heifer,0,,O42,G417,,,0,,,
166,Yes,07/07/12 00:00:00,0,Heifer,0,,O40,Y207,,,0,,,
167,No,07/05/12 00:00:00,0,Heifer,0,,O38,Y21,,,0,,,
168,Yes,07/02/12 00:00:00,0,Heifer,0,,O37,G429,,,0,,,
169,No,07/02/12 00:00:00,0,Heifer,0,,O34,Y4,,,0,,,
170,No,07/02/12 00:00:00,0,Heifer,0,,O36,Y16,,,0,,,
171,No,06/27/12 00:00:00,0,Heifer,0,,O31,G411,,,0,,,
172,Yes,06/18/12 00:00:00,0,Heifer,0,,O28,W131,,,0,,,
173,No,06/14/12 00:00:00,0,Heifer,0,,O25,G437,,,0,,,
174,No,06/13/12 00:00:00,0,Heifer,0,,O24,G446,,,0,,,
175,No,06/12/12 00:00:00,0,Heifer,0,,O23,Y14,,,0,,,
176,Yes,06/08/12 00:00:00,0,Heifer,0,,O22,Y110,,,0,,,
177,Yes,05/28/12 00:00:00,0,Heifer,0,,O16,W23,,,0,,,
178,No,05/27/12 00:00:00,0,Heifer,0,,O15,W38,,,0,,,
179,Yes,05/24/12 00:00:00,0,Heifer,0,,O12,W11,,,0,,,
180,Yes,05/21/12 00:00:00,0,Heifer,0,,O09,W136,,,0,,,
181,No,05/19/12 00:00:00,0,Heifer,0,,O07,R24,,,0,,,
182,No,05/19/12 00:00:00,0,Heifer,0,,O06,W3,,,0,,,
183,Yes,05/17/12 00:00:00,0,Heifer,0,,O05,R11,,,0,,,
184,Yes,05/15/12 00:00:00,0,Heifer,0,,O03,W122,,,0,,,
185,No,05/15/12 00:00:00,0,Heifer,0,,O04,W108,,,0,,,
186,Yes,05/12/12 00:00:00,0,Heifer,0,,O02,W130,,,0,,,
187,No,05/08/12 00:00:00,0,Heifer,0,,O01,W107,,,0,,,
188,Yes,04/17/12 00:00:00,0,Heifer,0,,W02,W148,,,0,,,
189,No,06/14/11 00:00:00,0,Heifer,0,,W170,?,,,0,,,
190,No,06/06/11 00:00:00,0,Heifer,0,,B13,,,,0,,,
191,No,06/06/11 00:00:00,0,Heifer,0,,B12,,,,0,,,
192,No,06/06/11 00:00:00,0,Heifer,0,,B14,,,,0,,,
193,No,06/06/11 00:00:00,0,Heifer,0,,W167,W102,,,0,,,
194,No,06/06/11 00:00:00,0,Heifer,0,,Y61,G425,Dun,,0,,,
195,No,06/06/11 00:00:00,0,Heifer,0,,Y63,,Dun,,0,,,
196,No,06/06/11 00:00:00,0,Heifer,0,,Y65,,Tan with white racing stripe,,0,,,
197,No,06/06/11 00:00:00,0,Heifer,0,,Y67,,Dun,,0,,,
198,No,06/06/11 00:00:00,0,Heifer,0,,Y70,Y24,,,0,,,
199,No,06/06/11 00:00:00,0,Heifer,0,,Y71,,White,,0,,,
200,No,06/06/11 00:00:00,0,Heifer,0,,Y73,,,,0,,,
201,No,05/29/11 00:00:00,0,Heifer,0,,W165,R02,,,0,,,
202,No,05/27/11 00:00:00,0,Heifer,0,,W164,,,,0,,,
203,No,05/08/11 00:00:00,0,Heifer,0,,W153,W032,,,0,,,
204,No,05/05/11 00:00:00,0,Heifer,0,,W151,W001,,,0,,,
205,No,05/03/11 00:00:00,0,Heifer,0,,W154,W012,Red,,0,,,
206,No,04/27/11 00:00:00,0,Heifer,0,,W072,Y198,Red,,0,,,
207,No,10/16/10 00:00:00,0,Heifer,0,,W071,W007,,,0,,,
208,No,08/17/10 00:00:00,0,Heifer,0,,W065,W015,Black,,0,,,
209,No,07/24/10 00:00:00,0,Heifer,0,,W159,W023,Red,,0,,,
210,No,07/08/10 00:00:00,0,Heifer,0,,W054,W005,Black,,0,,,
211,No,03/14/10 00:00:00,0,Heifer,0,,11X,,Murray Grey,,0,,,
212,No,03/01/10 00:00:00,0,Heifer,0,,W136,,Red,,0,,,
213,No,03/01/10 00:00:00,0,Heifer,0,,W133,W001,Black,,0,,,
214,No,03/01/10 00:00:00,0,Heifer,0,,W137,R14,Champaigne,,0,,,
215,No,03/01/10 00:00:00,0,Heifer,0,,W142,W008,Black,,0,,,
216,No,12/14/09 00:00:00,0,Heifer,0,,W111,W033,Brown,,0,,,
217,No,04/30/09 00:00:00,0,Heifer,0,,29W/Y62,,Murray Grey-FELINA,,0,,,
218,Yes,08/30/13 00:00:00,0,Steer,0,W71S,,P19,,,0,,,
219,Yes,08/20/13 00:00:00,0,Steer,0,W69S,,P63,,,0,,,
220,No,08/12/13 00:00:00,0,Steer,0,W65S,,P61,,,0,,,
221,No,08/09/13 00:00:00,0,Steer,0,W63S,,,TWIN,,0,,,
222,No,08/09/13 00:00:00,0,Steer,0,W64S,,,TWIN,,0,,,
223,Yes,07/27/13 00:00:00,0,Steer,0,W58S,,P64,CODE NAME FIESTY,,0,,,
224,No,07/27/13 00:00:00,0,Steer,0,W56S,,P25,,,0,,,
225,Yes,07/25/13 00:00:00,0,Steer,0,W55S,,P87,,,0,,,
226,Yes,07/21/13 00:00:00,0,Steer,0,W54S,,P2,,,0,,,
227,Yes,07/14/13 00:00:00,0,Steer,0,W49S,,P26,,,0,,,
228,Yes,07/05/13 00:00:00,0,Steer,0,W43S,,P13,,,0,,,
229,Yes,07/05/13 00:00:00,0,Steer,0,W44S,,P77,WHITE-FACED CALF,,0,,,
230,Yes,06/28/13 00:00:00,0,Steer,0,W39S,,P16,,,0,,,
231,Yes,06/25/13 00:00:00,0,Steer,0,W38S,,P36,,,0,,,
232,Yes,06/24/13 00:00:00,0,Steer,0,W34S,,P21,,,0,,,
233,Yes,06/24/13 00:00:00,0,Steer,0,W35S,,P10,,,0,,,
234,Yes,06/24/13 00:00:00,0,Steer,0,W36S,,P20,,,0,,,
235,Yes,06/22/13 00:00:00,0,Steer,0,W33S,,P88,,,0,,,
236,Yes,06/13/13 00:00:00,0,Steer,0,W28S,,P81,,,0,,,
237,Yes,06/12/13 00:00:00,0,Steer,0,W26S,,P71,,,0,,,
238,Yes,06/11/13 00:00:00,0,Steer,0,W25S,,P82,,,0,,,
239,Yes,06/08/13 00:00:00,0,Steer,0,W20S,,P79,,,0,,,
240,Yes,06/08/13 00:00:00,0,Steer,0,W22S,,P78,,,0,,,
241,Yes,06/08/13 00:00:00,0,Steer,0,W23S,,P12,,,0,,,
242,Yes,06/07/13 00:00:00,0,Steer,0,W19S,,P35,,,0,,,
243,Yes,06/06/13 00:00:00,0,Steer,0,W16S,,P3,,,0,,,
244,Yes,06/05/13 00:00:00,0,Steer,0,W13S,,P18,,,0,,,
245,Yes,06/04/13 00:00:00,0,Steer,0,W11S,,P11,,,0,,,
246,Yes,06/04/13 00:00:00,0,Steer,0,W12S,,P46,,,0,,,
247,Yes,05/31/13 00:00:00,0,Steer,0,W5S,,P74,,,0,,,
248,Yes,05/30/13 00:00:00,0,Steer,0,W3S,,P84,,,0,,,
249,Yes,05/30/13 00:00:00,0,Steer,0,W4S,,P72,,,0,,,
250,Yes,05/29/13 00:00:00,0,Steer,0,W1S,,P33,,,0,,,
251,Yes,00/00/00 00:00:00,0,Steer,0,,O55,,,,0,,,
252,Yes,00/00/00 00:00:00,0,Steer,0,,O57,,,,0,,,
253,Yes,00/00/00 00:00:00,0,Steer,0,,O59,,,,0,,,
254,Yes,00/00/00 00:00:00,0,Steer,0,,O48,,DAIRY STEER OUR,,0,,,
255,No,00/00/00 00:00:00,0,Steer,0,,O54,,,,0,,,
256,No,00/00/00 00:00:00,0,Steer,0,,O58,,,,0,,,
257,No,00/00/00 00:00:00,0,Steer,0,,O60,,,,0,,,
258,No,00/00/00 00:00:00,0,Steer,0,,O61,,,,0,,,
259,No,00/00/00 00:00:00,0,Steer,0,,O63,,,,0,,,
260,Yes,07/20/12 00:00:00,0,Steer,0,,O47,Y114,,,0,,,
261,No,07/17/12 00:00:00,0,Steer,0,,O49,W24,,,0,,,
262,Yes,07/06/12 00:00:00,0,Steer,0,,O39,Y11,,,0,,,
263,No,07/01/12 00:00:00,0,Steer,0,,O33,W48,,,0,,,
264,Yes,06/28/12 00:00:00,0,Steer,0,,O32,W1,,,0,,,
265,Yes,06/25/12 00:00:00,0,Steer,0,,O30,G431,,,0,,,
266,No,06/23/12 00:00:00,0,Steer,0,,O29,W111,,,0,,,
267,Yes,06/18/12 00:00:00,0,Steer,0,,O27,Y116,,,0,,,
268,No,06/17/12 00:00:00,0,Steer,0,,O26,W149,,,0,,,
269,Yes,06/05/12 00:00:00,0,Steer,0,,O20,G427,,,0,,,
270,No,06/05/12 00:00:00,0,Steer,0,,O19,G452,,,0,,,
271,No,06/02/12 00:00:00,0,Steer,0,,O18,W135,,,0,,,
272,Yes,05/28/12 00:00:00,0,Steer,0,,O17,W134,,,0,,,
273,No,05/26/12 00:00:00,0,Steer,0,,O14,W142,,,0,,,
274,No,05/25/12 00:00:00,0,Steer,0,,O13,W12,,,0,,,
275,Yes,05/24/12 00:00:00,0,Steer,0,,O11,W19,,,0,,,
276,No,05/23/12 00:00:00,0,Steer,0,,O10,Y45,MG,,0,,,
277,No,05/20/12 00:00:00,0,Steer,0,,O08,W106,,,0,,,
278,No,06/16/11 00:00:00,0,Steer,0,,W171,W019,,,0,,,
279,No,06/08/11 00:00:00,0,Steer,0,,W169,R24,,,0,,,
280,No,06/06/11 00:00:00,0,Steer,0,,B17,,,,0,,,
281,No,06/06/11 00:00:00,0,Steer,0,,B15,,Bleeding after castration,,0,,,
282,No,06/06/11 00:00:00,0,Steer,0,,B16,,,,0,,,
283,No,06/06/11 00:00:00,0,Steer,0,,B18,,,,0,,,
284,No,06/06/11 00:00:00,0,Steer,0,,B19,,,,0,,,
285,No,06/06/11 00:00:00,0,Steer,0,,B20,,,,0,,,
286,No,06/06/11 00:00:00,0,Steer,0,,B21,,,,0,,,
287,No,06/06/11 00:00:00,0,Steer,0,,B22,W20,,,0,,,
288,No,06/06/11 00:00:00,0,Steer,0,,B24,,,,0,,,
289,No,06/06/11 00:00:00,0,Steer,0,,B25,,,,0,,,
290,No,06/06/11 00:00:00,0,Steer,0,,P17,,,,0,,,
291,No,06/06/11 00:00:00,0,Steer,0,,P18,,Dun,,0,,,
292,No,06/06/11 00:00:00,0,Steer,0,,P19,,Four white feet,,0,,,
293,No,06/06/11 00:00:00,0,Steer,0,,P20,,,,0,,,
294,No,06/06/11 00:00:00,0,Steer,0,,P23,,Dun,,0,,,
295,No,06/06/11 00:00:00,0,Steer,0,,P24,,Four white feet - Stag,,0,,,
296,No,06/06/11 00:00:00,0,Steer,0,,P25,,,,0,,,
297,No,06/06/11 00:00:00,0,Steer,0,,W168,W046,,,0,,,
298,No,06/06/11 00:00:00,0,Steer,0,,W172,,,,0,,,
299,No,06/06/11 00:00:00,0,Steer,0,,W173,,,,0,,,
300,No,06/06/11 00:00:00,0,Steer,0,,W174,,,,0,,,
301,No,06/06/11 00:00:00,0,Steer,0,,W175,,Bleeding after castration,,0,,,
302,No,05/26/11 00:00:00,0,Steer,0,,W163,R12,,,0,,,
303,No,05/21/11 00:00:00,0,Steer,0,,W161,W038,,,0,,,
304,No,05/18/11 00:00:00,0,Steer,0,,W160,G437,,,0,,,
305,No,05/13/11 00:00:00,0,Steer,0,,W158,?,,,0,,,
306,No,05/09/11 00:00:00,0,Steer,0,,W156,?,,,0,,,
307,No,10/16/10 00:00:00,0,Steer,0,,W073,,,,0,,,
308,No,10/12/10 00:00:00,0,Steer,0,,W067,W043,,,0,,,
309,No,10/12/10 00:00:00,0,Steer,0,,W068,W022,,,0,,,
310,No,10/07/10 00:00:00,0,Steer,0,,W075,W124,,,0,,,
311,No,08/17/10 00:00:00,0,Steer,0,,W066,W003,Black,,0,,,
312,No,08/15/10 00:00:00,0,Steer,0,,W064,W016,Black,,0,,,
313,No,08/01/10 00:00:00,0,Steer,0,,W062,W019,Black,,0,,,
314,No,07/29/10 00:00:00,0,Steer,0,,W060,W020,Black,,0,,,
315,No,07/24/10 00:00:00,0,Steer,0,,W058,W011,Red with white,,0,,,
316,No,07/21/10 00:00:00,0,Steer,0,,W057,W010,Black White Face,,0,,,
317,No,07/19/10 00:00:00,0,Steer,0,,W056,W024,Red,,0,,,
318,No,07/10/10 00:00:00,0,Steer,0,,W055,W126,Red,,0,,,
319,No,03/01/10 00:00:00,0,Steer,0,,W138,R02,Red,,0,,,
320,No,03/01/10 00:00:00,0,Steer,0,,W132/P15,W038,Brown,,0,,,
321,No,03/01/10 00:00:00,0,Steer,0,,W139,W042,Black white face (Patch),,0,,,
322,No,03/01/10 00:00:00,0,Steer,0,,W140,G408,Red,,0,,,
323,No,03/01/10 00:00:00,0,Steer,0,,W141/P14,W039,Black and White,,0,,,
324,No,03/01/10 00:00:00,0,Steer,0,,W144,W049,Champaigne,,0,,,
325,No,03/01/10 00:00:00,0,Steer,0,,W146/P7,,Black,,0,,,
326,No,03/01/10 00:00:00,0,Steer,0,,W150/P14,W125,Red,,0,,,
327,No,12/14/09 00:00:00,0,Steer,0,,W101,,Black,,0,,,
328,No,12/14/09 00:00:00,0,Steer,0,,W103,W043,Black,,0,,,
329,No,12/14/09 00:00:00,0,Steer,0,,W104,,Black,,0,,,
330,No,12/14/09 00:00:00,0,Steer,0,,W105,,Black,,0,,,
331,No,12/14/09 00:00:00,0,Steer,0,,W109,W009,Black,,0,,,
332,No,12/14/09 00:00:00,0,Steer,0,,W110,W022,Black,,0,,,
333,No,12/14/09 00:00:00,0,Steer,0,,W112,,Black,,0,,,
334,No,12/14/09 00:00:00,0,Steer,0,,W113,W005,Black,,0,,,
335,No,12/14/09 00:00:00,0,Steer,0,,W114,,Black White Face,,0,,,
336,No,12/14/09 00:00:00,0,Steer,0,,W115,,Black,,0,,,
337,No,12/14/09 00:00:00,0,Steer,0,,W116,W010,Black White Face,,0,,,
338,No,12/14/09 00:00:00,0,Steer,0,,W117,,Black,,0,,,
339,No,12/14/09 00:00:00,0,Steer,0,,W118,W034,Black,,0,,,
340,No,12/14/09 00:00:00,0,Steer,0,,W119,,Black,,0,,,
341,No,12/14/09 00:00:00,0,Steer,0,,W120,W021,Black,,0,,,
342,No,12/14/09 00:00:00,0,Steer,0,,W121,W020,Black,,0,,,
343,No,12/14/09 00:00:00,0,Steer,0,,W123,W014,Black,,0,,,
344,Yes,06/11/13 00:00:00,0,Steer,0,W24,,P56,,,0,,,
345,Yes,01/19/08 00:00:00,0,Bull,1200,,,,GLORY  BULL FROM FC,,0,,,
346,Yes,07/01/07 00:00:00,0,Bull,1200,,U2,,"Burt ",,0,,,
347,Yes,05/25/07 00:00:00,0,Bull,1200,,,,"Felix ",,0,,,
348,Yes,11/05/09 00:00:00,0,Cow,1200,P13,Y116,,British White 2,,0,,,
349,Yes,11/05/09 00:00:00,0,Cow,1200,P5,Y17,,British White 3,,0,,,
350,Yes,11/05/09 00:00:00,0,Cow,1200,P64,Y110,,British White 5,,0,,,
351,Yes,11/05/09 00:00:00,0,Cow,1200,P73,Y112,,British White 1,,0,,,
352,Yes,09/14/09 00:00:00,0,Cow,1200,P1,Y29,,"Red ",,0,,,
353,Yes,03/01/09 00:00:00,0,Cow,1200,P28,Y11,,Connie's Darla,,0,,,
354,Yes,12/21/08 00:00:00,0,Cow,1200,P3,Y24,,Tina's Tammy,,0,,,
355,Yes,06/13/08 00:00:00,0,Cow,1200,P29,Y04,Y25,Princess Louise's Snow,,0,,,
356,Yes,10/24/07 00:00:00,0,Cow,1200,P4,Y30,Y27,Natasha's Mocha,,0,,,
357,Yes,01/10/07 00:00:00,0,Cow,1200,P54,Y06,Y25,Princess Louise's Little Princess,,0,,,
358,Yes,10/24/06 00:00:00,0,Cow,1200,P89,Y18,,Pearl's Diamond,,0,,,
359,Yes,08/25/10 00:00:00,0,Cow,1200,,Y46,Y27,"MG/Highland ",,0,,,
360,Yes,09/03/09 00:00:00,0,Cow,1200,p41,Y16,,Natasha's Heifer,,0,,,
361,Yes,08/16/09 00:00:00,0,Cow,1200,P19,Y14,,Freedom's Heifer,,0,,,
362,Yes,08/11/09 00:00:00,0,Cow,1200,P49,Y21,,Lulu's Heifer,,0,,,
363,Yes,07/20/09 00:00:00,0,Cow,1200,P46,Y03,,Little Princess's,,0,,,
364,Yes,00/00/00 00:00:00,0,Cow,0,P50,Y69,,DUN,,0,,,
365,Yes,00/00/00 00:00:00,0,Cow,0,P51,Y62,,WHITE HEIFER,,0,,,
366,No,11/21/09 00:00:00,0,Cow,0,,G452,,"Red Angus ",,0,,,
367,No,11/05/09 00:00:00,0,Cow,0,,Y115,,British White 6,,0,,,
368,No,08/11/07 00:00:00,0,Cow,0,,Y34,,Hannah's Haley,,0,,,
369,No,03/22/07 00:00:00,0,Cow,0,P61,Y27,,Natasha,,0,,,
370,No,03/22/07 00:00:00,0,Cow,0,,W50,,Night Jasmine,,0,,,
371,No,02/06/06 00:00:00,0,Cow,0,,Y09,,Sugar's Sugar Baby,,0,,,
372,No,11/05/09 00:00:00,0,Cow,0,,Y114,,British White 4,,0,,,
373,Yes,06/02/11 00:00:00,0,Heifer,0,P57,Y55,?,BRITISH WHITE,,0,,,
374,No,08/20/10 00:00:00,0,Heifer,0,,Y44,Y22,Guernsey  PATTY,,0,,,
375,No,08/01/10 00:00:00,0,Heifer,0,,Y45,,"Ramah's Reba ",,0,,,
376,No,03/03/10 00:00:00,0,Heifer,0,,Y74,Y23,"Guernsey/Milking Shorthorn Cross ",,0,,,
377,Yes,06/06/11 00:00:00,0,Steer,0,,Y56,Y29,,,0,,,
378,Yes,10/18/10 00:00:00,0,Steer,1200,,Y52,Y9,,,0,,,
379,Yes,09/07/10 00:00:00,0,Steer,1200,,Y49/P9,Y114,,,0,,,
380,Yes,09/06/10 00:00:00,0,Steer,1200,,Y43,Y110,,,0,,,
381,Yes,05/07/10 00:00:00,0,Steer,1200,,Y37,Y29,Red/white face,,0,,,
382,No,04/18/09 00:00:00,0,Bull,0,,,,Leonardo,,0,,,
383,No,07/01/08 00:00:00,0,Bull,0,,W2,,"Bull ",,0,,,
384,No,07/01/08 00:00:00,0,Bull,0,,W5,,"Bull ",,0,,,
385,No,09/14/09 00:00:00,0,Cow,0,,Y08,,White Char,,0,,,
386,No,09/14/09 00:00:00,0,Cow,0,,Y28,,"Silver Char ",,0,,,
387,No,07/24/09 00:00:00,0,Cow,0,,,,Ramah,,0,,,
388,No,12/07/08 00:00:00,0,Cow,0,,Y35,,Connie,,0,,,
389,No,07/24/08 00:00:00,0,Cow,0,,Y23,,Tina,,0,,,
390,No,08/25/07 00:00:00,0,Cow,0,,Y05,,Sugar's Sugar and Spice,,0,,,
391,No,03/22/07 00:00:00,0,Cow,0,,G30,,Tasha,,0,,,
392,No,03/22/07 00:00:00,0,Cow,0,,Y19,,Lulu,,0,,,
393,No,09/05/06 00:00:00,0,Cow,0,,Y22,,Pearl,,0,,,
394,No,07/04/05 00:00:00,0,Cow,0,,Y13,,Princess Louise's Freedom,,0,,,
395,No,03/12/05 00:00:00,0,Cow,0,,Y25,,Princess Louise,,0,,,
396,No,03/12/05 00:00:00,0,Cow,0,,,,Sugar Lowe,,0,,,
397,No,03/12/05 00:00:00,0,Cow,0,,,,Hannah,,0,,,
398,No,05/29/11 00:00:00,0,Heifer,0,,Y54,Y11,,,0,,,
399,No,03/01/10 00:00:00,0,Heifer,0,,W147,G452,Red,,0,,,
400,No,07/01/11 00:00:00,0,Steer,0,,W5,Y35,Connie's steer,,0,,,
401,No,10/15/10 00:00:00,0,Steer,0,,Y51,Y19,,,0,,,
402,No,10/06/10 00:00:00,0,Steer,0,,Y47,Y23,,,0,,,
403,No,09/25/10 00:00:00,0,Steer,0,,Y48,Y30,,,0,,,
404,No,08/25/10 00:00:00,0,Steer,0,,Y50,Y13,"MG/Highland ",,0,,,
405,No,08/13/10 00:00:00,0,Steer,0,,Y42,,MG/White Park Bull,,0,,,
406,No,07/22/10 00:00:00,0,Steer,0,,Y41,Y25,"MG (MG/Highland) ",,0,,,
407,No,05/27/10 00:00:00,0,Steer,0,,Y39,Y4,"MG (MG/Highland) ",,0,,,
408,No,05/06/10 00:00:00,0,Steer,0,,Y38/P16,Y18,"MG (Hereferd/Guernsey) ",,0,,,
409,No,02/14/10 00:00:00,0,Steer,0,,Y36,Y8,Char,,0,,,
410,No,10/31/09 00:00:00,0,Steer,0,,Y31,Y28,Silver Char's Bull,,0,,,
411,No,10/19/09 00:00:00,0,Steer,0,,Y33,,Night Jasmine's Bull,,0,,,
412,No,08/31/09 00:00:00,0,Steer,0,,Y35,,Ramah's Bull,,0,,,
413,No,07/13/09 00:00:00,0,Steer,0,,Y32,Y9,Sugar Baby's Bull,,0,,,
414,No,05/26/09 00:00:00,0,Steer,0,,Y15,,Tasha's Bull,,0,,,
415,No,05/17/09 00:00:00,0,Steer,0,,Y26,,Princess Louise's Bull,,0,,,
416,No,05/06/09 00:00:00,0,Steer,0,,Y01,,Diamond's Bull,,0,,,
417,No,09/03/08 00:00:00,0,Steer,0,,Y07,,Natasha's Bull,,0,,,
418,No,07/12/08 00:00:00,0,Steer,0,,Y02,,Lulu's Bull,,0,,,
419,No,04/24/08 00:00:00,0,Steer,0,,Y10,Y22,Pearl's Spot,,0,,,
420,No,03/09/08 00:00:00,0,Steer,0,,,,Diamond's Bull,,0,,,
421,No,07/15/07 00:00:00,0,Steer,0,,,,Lulu's Bull,,0,,,
422,No,05/24/11 00:00:00,0,Cow,0,,Y53,Y04,,,0,,,
